airbnb_listing_id,diaria_media,diaria_mediana,dias_ocupados,min_data,max_data,qtd_linhas
1977915,877.0373149253732,850.0,67,2025-02-13,2025-04-20,67
2951220,789.6676470588235,670.0,85,2025-01-26,2025-04-20,85
3263701,1488.4615384615386,1650.0,26,2025-02-08,2025-04-10,26
3977675,242.7121210909091,198.0,55,2025-01-25,2025-03-31,55
5443557,799.1158536585366,793.0,82,2025-01-07,2025-04-07,82
6569062,738.6589740384615,750.0,104,2025-01-06,2025-04-19,104
8287843,616.9871794871794,700.0,78,2025-01-26,2025-04-20,78
8838629,747.7525242424242,650.0,66,2025-01-21,2025-04-17,66
8936081,493.037037037037,460.0,27,2025-02-28,2025-04-06,27
9327293,922.4090909090909,900.0,33,2025-01-27,2025-03-31,33
9658725,282.1,300.0,10,2025-03-24,2025-04-02,10
9784227,480.0,480.0,19,2025-02-01,2025-02-28,19
10266012,121.25,125.0,58,2025-02-01,2025-04-07,58
10340400,300.0,300.0,6,2025-03-06,2025-03-19,6
10982940,1800.0,1800.0,75,2025-01-23,2025-04-20,75
11044577,384.6154545454545,378.0,55,2025-01-30,2025-04-07,55
11508986,348.7307692307692,354.0,13,2025-02-13,2025-03-08,13
11567423,829.7014925373135,790.0,67,2025-01-20,2025-04-20,67
12067632,693.1764705882352,713.0,34,2025-02-14,2025-03-31,34
12359560,748.6012960784315,790.0,51,2025-02-13,2025-04-20,51
12490354,748.5075777777778,749.0,63,2025-02-02,2025-04-05,63
12931525,385.28985521739133,383.33334,46,2025-01-15,2025-04-20,46
13522176,2397.796875,2300.0,32,2025-02-10,2025-04-06,32
14872547,613.26953125,690.75,64,2025-01-27,2025-03-31,64
14884678,573.5714285714286,595.0,42,2025-03-10,2025-04-20,42
15024197,800.0,800.0,18,2025-01-30,2025-02-16,18
15500038,501.4212125,444.20000000000005,88,2025-01-15,2025-04-20,88
15523493,641.3103448275862,625.0,58,2025-01-27,2025-04-15,58
15549803,761.8444444444444,590.0,45,2025-01-13,2025-04-19,45
15732070,767.2513222222221,753.3333,63,2025-01-28,2025-03-31,63
15754075,673.5675621621622,620.3333,37,2025-01-28,2025-03-31,37
15791567,580.0,550.0,35,2025-02-16,2025-04-07,35
15909831,731.6773499999999,790.0,78,2025-02-02,2025-04-20,78
15934309,792.7428571428571,790.0,70,2025-02-10,2025-04-20,70
15980018,400.0,400.0,22,2025-03-30,2025-04-20,22
15980108,1500.0,1500.0,39,2025-02-09,2025-04-07,39
16017693,884.7222222222222,910.0,36,2025-01-26,2025-03-31,36
16105751,255.70967741935485,250.0,31,2025-01-29,2025-04-17,31
16177778,756.3804347826087,600.0,92,2025-01-19,2025-04-20,92
16253828,1605.4726054794519,1610.6666,73,2025-01-29,2025-04-19,73
16270332,896.2962962962963,900.0,54,2025-01-16,2025-03-10,54
16321793,521.6216216216217,450.0,74,2025-01-18,2025-04-20,74
16350860,603.9346153846154,653.0,65,2025-02-03,2025-04-20,65
16451544,500.0,500.0,31,2025-03-05,2025-04-20,31
16527828,1055.7931034482758,1050.0,87,2025-01-24,2025-04-20,87
16570256,497.8892123404255,523.0,47,2025-02-09,2025-04-06,47
16586622,607.4583337500001,580.0,80,2025-01-31,2025-04-20,80
16618715,775.3636363636364,750.0,88,2025-01-09,2025-04-20,88
16644316,818.2388059701492,770.0,67,2025-01-06,2025-04-06,67
16662563,1728.0,1728.0,62,2025-01-29,2025-03-31,62
16730935,250.0,250.0,89,2025-01-21,2025-04-19,89
16992951,562.8943661971831,500.0,71,2025-01-21,2025-04-20,71
17013106,1770.3389830508474,1500.0,59,2025-01-14,2025-04-06,59
17034886,832.75,446.0,46,2025-01-06,2025-04-06,46
17294276,970.531914893617,850.0,47,2025-01-30,2025-04-20,47
17511306,1007.8548387096774,1100.0,62,2025-01-24,2025-04-06,62
17570590,1580.7573529411766,1574.0,68,2025-01-12,2025-04-20,68
18395333,625.78125,600.0,64,2025-02-09,2025-04-17,64
18505349,623.4333333333333,628.5,30,2025-03-15,2025-04-13,30
18506998,366.05,350.0,20,2025-03-04,2025-04-16,20
18735821,250.61363636363637,250.0,44,2025-02-10,2025-04-06,44
20555680,200.0,200.0,19,2025-04-01,2025-04-19,19
20618105,637.7817090909091,620.5714,44,2025-01-13,2025-03-06,44
20863370,507.93055555555554,500.0,18,2025-03-19,2025-04-13,18
20943549,408.362564,400.0,65,2025-01-25,2025-04-20,65
21025393,710.8564805555555,700.0,36,2025-02-15,2025-04-20,36
21077682,801.0789456140351,670.3333,57,2025-01-09,2025-04-07,57
21091876,773.989010989011,700.0,91,2025-01-08,2025-04-20,91
21103486,345.25194833333336,315.0,66,2025-01-22,2025-04-20,66
21103807,1081.6901408450703,1450.0,71,2025-01-27,2025-04-07,71
21280090,822.77734375,850.0,64,2025-01-16,2025-04-20,64
21295667,736.2044018867924,820.0,53,2025-02-27,2025-04-20,53
21324331,785.4117647058823,695.0,34,2025-02-05,2025-03-24,34
21397811,699.25,600.0,68,2025-01-27,2025-04-16,68
21436592,528.8059701492538,490.0,67,2025-01-12,2025-03-31,67
21454457,186.53333333333333,172.0,15,2025-02-19,2025-04-20,15
21545686,310.9583333333333,269.0,72,2025-02-03,2025-04-20,72
21552865,698.1724137931035,650.0,29,2025-01-16,2025-03-05,29
21607605,779.0921978723404,650.0,47,2025-01-25,2025-04-17,47
21632405,506.80314528301886,408.0,53,2025-01-29,2025-04-16,53
21662762,296.1111111111111,300.0,36,2025-01-30,2025-04-17,36
21695053,747.1798780487804,702.0,82,2025-01-22,2025-04-20,82
21734892,767.0588235294117,800.0,68,2025-02-12,2025-04-20,68
21743476,692.08295,650.0,56,2025-02-10,2025-04-06,56
21780661,478.25396825396825,600.0,63,2025-01-28,2025-04-06,63
22047595,681.9583333333334,622.16665,60,2025-02-08,2025-04-20,60
22190101,271.7391304347826,250.0,46,2025-02-24,2025-04-20,46
22191680,411.7125,400.0,80,2025-01-25,2025-04-17,80
22223346,592.25,590.0,28,2025-02-23,2025-04-06,28
22231120,334.46041675000004,341.0,80,2025-01-31,2025-04-20,80
22243318,541.5384615384615,580.0,52,2025-02-02,2025-04-20,52
22245880,1299.03705,1210.5,72,2025-01-25,2025-04-20,72
22306996,178.97777766666667,155.0,30,2025-03-22,2025-04-20,30
22307401,405.18518518518516,400.0,27,2025-02-24,2025-04-06,27
22335276,713.114428358209,800.0,67,2025-01-22,2025-04-05,67
22383070,321.29583349999996,250.0,40,2025-01-27,2025-04-20,40
22421016,811.1111111111111,800.0,9,2025-02-15,2025-02-23,9
22421421,434.35714285714283,347.0,56,2025-01-14,2025-04-20,56
22421606,451.40425531914894,361.0,47,2025-01-12,2025-04-17,47
22428497,299.0,299.0,40,2025-02-03,2025-04-06,40
22514231,400.0,300.0,36,2025-01-10,2025-04-06,36
22648075,396.66153846153844,348.0,65,2025-02-02,2025-04-16,65
22739656,1181.4054054054054,1100.0,74,2025-01-24,2025-04-20,74
22810332,480.0,480.0,65,2025-02-15,2025-04-20,65
22901902,724.8858695652174,700.0,92,2025-01-19,2025-04-20,92
23023313,528.6764705882352,550.0,68,2025-01-22,2025-04-19,68
23068512,636.9473684210526,700.0,19,2025-01-13,2025-02-27,19
23078040,774.074074074074,800.0,54,2025-02-09,2025-04-19,54
23108026,679.3243243243244,590.0,74,2025-01-07,2025-04-06,74
23263225,286.40909090909093,283.0,11,2025-01-24,2025-02-03,11
23299596,612.4444444444445,553.0,36,2025-01-15,2025-03-28,36
23343001,569.0140845070423,600.0,71,2025-01-20,2025-03-31,71
23390752,1377.2948717948718,1350.0,78,2025-01-20,2025-04-07,78
23779860,406.25,300.0,32,2025-01-25,2025-04-17,32
23787711,400.0,400.0,90,2025-01-06,2025-04-05,90
24171739,478.8709677419355,400.0,31,2025-03-01,2025-04-16,31
25104649,714.9824561403509,890.0,57,2025-01-06,2025-04-07,57
25165914,625.2873563218391,700.0,87,2025-01-08,2025-04-20,87
25918412,429.68489578125,390.0,64,2025-02-03,2025-04-07,64
26026295,438.7037037037037,390.0,27,2025-01-21,2025-04-11,27
26197944,456.6666666666667,450.0,75,2025-02-05,2025-04-20,75
26334990,1208.4303492537315,1200.0,67,2025-01-31,2025-04-20,67
26570136,691.1965707317073,700.0,82,2025-01-16,2025-04-20,82
26708551,548.6956013888889,434.5,72,2025-01-14,2025-04-20,72
26839303,708.4862173076924,800.0,52,2025-01-24,2025-04-17,52
26895628,877.175,850.0,40,2025-02-13,2025-04-16,40
26898492,373.6842105263158,350.0,38,2025-02-13,2025-04-07,38
27022969,1586.23611,1450.0,60,2025-01-08,2025-03-08,60
27201205,693.4504486486487,600.0,37,2025-01-23,2025-04-16,37
27338096,1383.6067415730338,1350.0,89,2025-01-08,2025-04-06,89
27704027,742.7083333333334,725.0,84,2025-01-27,2025-04-20,84
27718978,523.3333333333334,500.0,24,2025-03-09,2025-04-17,24
27910707,1557.274074074074,1680.0,81,2025-01-14,2025-04-06,81
27981528,541.8688524590164,500.0,61,2025-01-15,2025-04-20,61
28071688,659.3739804878049,550.0,41,2025-02-28,2025-04-19,41
28075525,473.40277777777777,400.0,36,2025-02-26,2025-04-19,36
28155872,400.0,400.0,25,2025-03-13,2025-04-06,25
28160414,598.1967213114754,498.0,61,2025-02-19,2025-04-20,61
28366360,778.7835820895523,800.0,67,2025-01-10,2025-04-20,67
28410850,527.5438592105263,499.0,76,2025-01-26,2025-04-19,76
28429135,433.16878285714284,330.8,63,2025-02-17,2025-04-20,63
28932247,495.59,450.0,50,2025-02-04,2025-04-07,50
28987242,623.8571428571429,507.0,28,2025-03-01,2025-04-16,28
29008738,573.7678571428571,494.0,56,2025-01-15,2025-04-17,56
29114516,354.375,400.0,36,2025-02-17,2025-04-20,36
29145061,439.5571428571429,500.0,56,2025-01-08,2025-04-05,56
29302246,394.7241379310345,400.0,58,2025-01-22,2025-04-06,58
29341170,408.7826086956522,349.0,46,2025-01-29,2025-03-31,46
29739100,721.1872662921348,750.0,89,2025-01-22,2025-04-20,89
29761442,531.8181818181819,650.0,11,2025-02-09,2025-03-14,11
29800671,548.8866666666667,546.0,75,2025-01-21,2025-04-20,75
29870406,794.0581395348837,980.0,86,2025-01-09,2025-04-16,86
30032994,428.42105263157896,360.0,57,2025-01-17,2025-04-06,57
30085847,580.9651162790698,590.0,86,2025-01-07,2025-04-20,86
30098696,249.0,249.0,10,2025-01-23,2025-02-01,10
30105402,771.1538461538462,900.0,91,2025-01-20,2025-04-20,91
30153564,399.0742421818182,399.0,55,2025-02-03,2025-04-20,55
30209117,470.35714285714283,450.0,42,2025-01-21,2025-03-31,42
30271062,534.4868421052631,583.0,76,2025-01-22,2025-04-07,76
30332330,345.70089232142857,347.0,56,2025-01-27,2025-04-16,56
30354217,347.5740740740741,320.0,27,2025-01-18,2025-04-07,27
30402651,589.5,550.0,63,2025-01-07,2025-03-31,63
30491733,786.3455031746032,799.4,63,2025-01-27,2025-04-20,63
30493854,497.5609756097561,450.0,41,2025-02-19,2025-03-31,41
30494198,442.4269662921348,475.0,89,2025-01-06,2025-04-19,89
30519162,3900.0,3900.0,91,2025-01-07,2025-04-07,91
30560948,892.1454905882352,700.0,85,2025-01-14,2025-04-20,85
30617740,556.4929577464789,500.0,71,2025-02-09,2025-04-20,71
30756202,564.8377197368421,550.0,76,2025-01-11,2025-04-06,76
30785010,512.1120689655172,430.0,58,2025-01-10,2025-04-20,58
30795921,1500.0,1500.0,22,2025-03-16,2025-04-06,22
30910938,478.1607142857143,450.0,56,2025-02-15,2025-04-20,56
30922946,199.6056338028169,150.0,71,2025-01-12,2025-04-06,71
31055581,422.1014492753623,415.0,69,2025-01-23,2025-04-20,69
31059537,807.6752128205128,811.5,78,2025-01-11,2025-04-16,78
31069380,774.6190476190476,749.0,21,2025-01-14,2025-03-09,21
31084342,814.1509433962265,800.0,53,2025-01-13,2025-04-07,53
31115702,339.07608695652175,300.0,46,2025-02-02,2025-04-07,46
31122806,564.0,500.0,25,2025-01-07,2025-01-31,25
31141252,402.63157894736844,300.0,38,2025-02-17,2025-04-07,38
31167122,10000.0,10000.0,85,2025-01-13,2025-04-07,85
31169655,404.71923076923076,375.0,65,2025-01-30,2025-04-20,65
31278015,504.2857142857143,430.0,56,2025-02-24,2025-04-20,56
31284638,868.25,845.0,40,2025-01-31,2025-04-19,40
31380471,875.3602564102565,800.0,78,2025-01-16,2025-04-20,78
31397917,2173.3333333333335,250.0,15,2025-01-30,2025-03-18,15
31430342,463.9830508474576,450.0,59,2025-02-08,2025-04-07,59
31441134,1525.8058252427184,1500.0,103,2025-01-07,2025-04-19,103
31454750,544.4661016949152,479.0,59,2025-01-20,2025-04-05,59
31511990,483.43023255813955,500.0,86,2025-01-25,2025-04-20,86
31530689,716.3277777777778,700.0,90,2025-01-17,2025-04-20,90
31543199,751.2727272727273,687.5,44,2025-02-27,2025-04-20,44
31560419,408.5744680851064,449.0,47,2025-02-04,2025-04-19,47
31682871,320.7601624390244,290.0,41,2025-01-30,2025-03-31,41
31859744,497.53246753246754,500.0,77,2025-02-03,2025-04-20,77
31945494,548.8309514285714,630.0,70,2025-02-03,2025-04-17,70
31972121,344.06779661016947,350.0,59,2025-01-30,2025-04-06,59
32134287,652.1904761904761,750.0,84,2025-01-07,2025-04-07,84
32185033,1202.439024390244,1000.0,41,2025-01-25,2025-04-14,41
32234626,402.36842105263156,380.0,38,2025-02-03,2025-04-06,38
32371924,557.6363636363636,518.0,33,2025-01-25,2025-04-19,33
32443120,512.3974353846154,529.0,13,2025-02-25,2025-03-09,13
32486859,891.7745098039215,849.5,51,2025-01-10,2025-04-16,51
32585103,448.05263157894734,600.0,57,2025-01-28,2025-04-15,57
32592683,1123.2142857142858,1000.0,56,2025-01-22,2025-04-20,56
32600458,596.5251566037736,511.1111,53,2025-01-19,2025-04-16,53
32606991,570.4480519480519,536.5,77,2025-01-24,2025-04-20,77
32697747,361.99803882352944,350.0,34,2025-01-29,2025-04-07,34
32766950,320.8333333333333,300.0,48,2025-01-21,2025-04-20,48
32990586,988.4941176470588,950.0,85,2025-01-26,2025-04-20,85
33336758,446.2129638888889,384.0,36,2025-02-12,2025-04-06,36
34218930,726.2360620689655,570.0,58,2025-01-27,2025-04-19,58
34540951,574.6142857142858,524.0,70,2025-01-30,2025-04-20,70
34866449,484.0135135135135,400.0,74,2025-01-18,2025-04-20,74
35481220,672.8583820238096,650.0,84,2025-01-07,2025-03-31,84
35826155,590.0,590.0,20,2025-04-01,2025-04-20,20
35912580,327.8157894736842,350.0,38,2025-03-05,2025-04-20,38
35934720,500.0,500.0,10,2025-02-28,2025-03-09,10
36032020,554.0,450.0,25,2025-02-20,2025-04-15,25
36632832,554.6148648648649,450.0,74,2025-01-15,2025-04-20,74
36698654,1964.5949367088608,1900.0,79,2025-01-18,2025-04-06,79
36908385,642.7777777777778,455.0,27,2025-02-15,2025-03-31,27
37118794,1000.0,1000.0,62,2025-02-08,2025-04-20,62
37153670,386.8018867924528,400.0,53,2025-01-25,2025-04-19,53
37347085,494.46666666666664,492.0,90,2025-01-19,2025-04-20,90
37487828,445.7142857142857,380.0,49,2025-01-15,2025-04-20,49
37494985,857.386905952381,850.0,84,2025-01-16,2025-04-20,84
37708447,756.5833318181817,700.0,44,2025-02-16,2025-04-20,44
37744392,720.9746835443038,680.0,79,2025-01-19,2025-04-07,79
37989675,418.4761904761905,400.0,63,2025-01-30,2025-04-20,63
38262480,1205.5555555555557,1200.0,27,2025-01-31,2025-02-26,27
38319706,529.31666625,590.0,80,2025-01-13,2025-04-20,80
38447436,1035.4653465346535,1127.0,101,2025-01-10,2025-04-20,101
38514587,857.8958326086956,867.3333,92,2025-01-19,2025-04-20,92
38616586,371.54824526315787,367.0,38,2025-02-23,2025-04-06,38
38638326,642.74583375,627.625,80,2025-01-24,2025-04-20,80
38693604,544.1176470588235,450.0,85,2025-01-21,2025-04-20,85
38695314,603.2903225806451,550.0,62,2025-01-12,2025-04-20,62
38730549,780.3333333333334,732.0,78,2025-01-19,2025-04-20,78
38800430,427.0,350.0,34,2025-02-08,2025-04-07,34
38852725,494.8709677419355,450.0,62,2025-01-26,2025-04-20,62
38899673,544.0149564102563,500.0,78,2025-01-23,2025-04-19,78
38957661,559.2727272727273,400.0,55,2025-01-22,2025-04-20,55
38980085,869.7111111111111,800.0,90,2025-01-13,2025-04-20,90
38998610,195.0,195.0,68,2025-01-22,2025-04-20,68
39007372,1100.0,1100.0,95,2025-01-16,2025-04-20,95
39051477,1543.0362326086956,1500.0,92,2025-01-19,2025-04-20,92
39059902,599.2564102564103,750.0,78,2025-01-10,2025-04-07,78
39109062,1485.1351351351352,1400.0,74,2025-01-29,2025-04-20,74
39145712,846.8387096774194,993.0,31,2025-02-07,2025-03-24,31
39316910,684.0,790.0,15,2025-03-05,2025-04-20,15
39363955,397.4149122807018,370.0,57,2025-02-03,2025-04-20,57
39394196,353.80434782608694,350.0,23,2025-03-15,2025-04-06,23
39394644,764.6444422222223,738.8333,90,2025-01-21,2025-04-20,90
39414948,561.8852459016393,490.0,61,2025-02-03,2025-04-17,61
39420557,798.4848484848485,800.0,33,2025-01-27,2025-03-09,33
39507664,533.4358974358975,599.0,39,2025-02-15,2025-04-16,39
39583346,545.0,525.0,50,2025-01-27,2025-04-19,50
39629644,445.48148148148147,350.0,27,2025-02-15,2025-04-01,27
39635217,429.3282608695652,382.5,23,2025-01-22,2025-04-20,23
39642773,370.6521739130435,400.0,46,2025-02-20,2025-04-06,46
39685785,528.8786523287672,464.16666,73,2025-02-07,2025-04-20,73
39715668,232.4923076923077,230.0,65,2025-01-14,2025-04-19,65
39745810,2352.5782516853933,2250.0,89,2025-01-22,2025-04-20,89
39820601,345.0,345.0,33,2025-03-05,2025-04-06,33
39837626,461.95652173913044,430.0,23,2025-03-04,2025-03-31,23
39972515,337.7118644067797,323.0,59,2025-02-08,2025-04-20,59
40023421,492.4646464646465,500.0,99,2025-01-12,2025-04-20,99
40039627,338.4404761904762,323.0,84,2025-01-07,2025-04-20,84
40191152,1999.7543855263157,2500.0,76,2025-01-22,2025-04-07,76
40209404,339.13698630136986,311.0,73,2025-01-14,2025-04-20,73
40236441,237.25531914893617,193.0,47,2025-01-14,2025-03-31,47
40246675,328.70454545454544,315.0,44,2025-02-25,2025-04-20,44
40250642,859.7762547945205,840.0,73,2025-01-18,2025-03-31,73
40289385,2586.3951612903224,2500.0,62,2025-02-01,2025-04-20,62
40320100,783.2199986666667,760.8333,75,2025-02-03,2025-04-19,75
40342798,657.2222222222222,700.0,81,2025-01-30,2025-04-20,81
40351988,347.53846153846155,333.0,52,2025-02-15,2025-04-14,52
40371384,590.526556043956,601.0,91,2025-01-06,2025-04-20,91
40391575,10000.0,10000.0,7,2025-04-14,2025-04-20,7
40400432,586.53125,500.0,64,2025-01-11,2025-04-07,64
40449599,578.1550916666666,537.0,72,2025-01-28,2025-04-20,72
40532740,309.625,330.0,40,2025-02-23,2025-04-16,40
40560834,706.8222222222222,708.83335,90,2025-01-16,2025-04-20,90
40576710,541.5254237288135,500.0,59,2025-01-22,2025-04-17,59
40777141,1506.888888888889,1506.0,9,2025-01-29,2025-02-27,9
40794806,700.0096153846154,709.0,52,2025-01-13,2025-03-05,52
40892344,425.0833333333333,409.0,60,2025-01-27,2025-04-20,60
40899047,297.4864864864865,290.0,37,2025-02-24,2025-04-07,37
40910065,604.7113636363637,650.0,88,2025-01-22,2025-04-19,88
40960741,288.04,275.0,75,2025-01-17,2025-04-06,75
40971559,724.3529411764706,800.0,34,2025-01-29,2025-03-12,34
41141790,697.248717948718,656.0,39,2025-01-31,2025-03-10,39
41147466,520.0,540.0,45,2025-03-07,2025-04-20,45
41193865,414.3581081081081,400.0,74,2025-01-15,2025-04-20,74
41227471,657.9012345679013,610.0,81,2025-01-11,2025-04-20,81
41260111,1787.6209835294117,1763.0,85,2025-01-12,2025-04-20,85
41270247,603.9012333333334,600.0,27,2025-02-22,2025-04-20,27
41285546,593.7866303296703,800.0,91,2025-01-12,2025-04-19,91
41404141,700.6999999999999,690.0,68,2025-02-12,2025-04-20,68
41473656,714.1529,700.0,23,2025-03-10,2025-04-12,23
41478160,488.51724137931035,400.0,29,2025-01-27,2025-03-05,29
41493620,771.6635112244898,750.0,98,2025-01-13,2025-04-20,98
41532894,761.9497278688525,791.5,61,2025-01-22,2025-04-11,61
41533462,620.4507042253521,750.0,71,2025-01-12,2025-04-07,71
41590719,400.9246575342466,400.0,73,2025-01-14,2025-04-20,73
41634696,502.6666666666667,500.0,84,2025-01-07,2025-04-06,84
41664387,180.64444444444445,180.0,45,2025-01-28,2025-04-07,45
41676390,608.0055544444444,600.0,90,2025-01-21,2025-04-20,90
41682475,469.7674418604651,400.0,43,2025-01-27,2025-04-20,43
41686810,95.42372881355932,100.0,59,2025-02-13,2025-04-20,59
41702158,1301.0869565217392,1200.0,46,2025-02-08,2025-04-17,46
41761142,377.90697674418607,270.0,43,2025-01-16,2025-04-17,43
41762297,1663.765625,1651.25,96,2025-01-14,2025-04-19,96
41769298,1059.2394366197184,1000.0,71,2025-01-07,2025-03-31,71
41786765,250.0,250.0,13,2025-03-29,2025-04-10,13
41883230,535.4716981132076,470.0,53,2025-02-04,2025-04-20,53
41888100,552.9491448717949,531.0,78,2025-01-29,2025-04-16,78
42003334,631.0435892307692,500.0,65,2025-01-30,2025-04-16,65
42013117,569.0064076923077,590.0,26,2025-01-29,2025-03-12,26
42138941,1182.608695652174,1200.0,69,2025-01-27,2025-04-05,69
42180312,194.86666666666667,200.0,60,2025-01-27,2025-04-07,60
42270655,517.2512872972973,490.0,74,2025-02-02,2025-04-16,74
42335961,573.5176470588235,500.0,85,2025-01-08,2025-04-17,85
42362925,991.3642857142858,874.0,70,2025-01-07,2025-04-17,70
42515348,837.5,900.0,32,2025-02-18,2025-04-07,32
42588365,414.5620153488372,390.0,43,2025-03-07,2025-04-18,43
42625075,1067.6024590163934,1000.0,61,2025-01-06,2025-04-20,61
42704327,1193.5138880952381,1126.5,84,2025-01-16,2025-04-20,84
42709234,730.0927835051547,899.0,97,2025-01-14,2025-04-20,97
42735835,227.0,200.0,11,2025-01-28,2025-04-06,11
42788291,632.5925925925926,700.0,54,2025-01-28,2025-04-02,54
42841323,452.2608695652174,402.0,23,2025-01-20,2025-04-08,23
43300431,2417.0454545454545,2500.0,88,2025-01-09,2025-04-06,88
43379132,413.0769230769231,340.0,26,2025-01-29,2025-04-16,26
43499385,595.5942028985507,585.0,69,2025-01-28,2025-04-20,69
43712530,601.0,601.0,21,2025-02-08,2025-02-28,21
43754654,947.5919540229885,897.0,87,2025-01-23,2025-04-19,87
44075219,2654.4266857142857,2778.4285,14,2025-01-10,2025-01-23,14
44153810,188.375,199.0,48,2025-03-04,2025-04-20,48
44192417,339.7692307692308,310.0,39,2025-01-14,2025-04-07,39
44369632,707.5,705.0,12,2025-01-15,2025-02-17,12
44425260,496.6181818181819,450.0,66,2025-01-31,2025-04-20,66
44890294,1000.0,1000.0,2,2025-02-10,2025-02-11,2
44895797,703.0769230769231,705.0,13,2025-01-27,2025-02-18,13
45002455,380.7692307692308,250.0,26,2025-02-27,2025-04-17,26
45184991,648.0,648.0,62,2025-01-29,2025-03-31,62
45350304,706.506329113924,450.0,79,2025-02-01,2025-04-20,79
45382246,648.5394736842105,850.0,38,2025-01-31,2025-04-02,38
45480718,361.5416666666667,458.5,12,2025-02-10,2025-04-20,12
45512442,676.2868852459017,790.0,61,2025-01-10,2025-04-07,61
45513430,782.9213483146067,780.0,89,2025-01-22,2025-04-20,89
45531969,658.5433962264151,650.0,53,2025-02-16,2025-04-20,53
45621607,331.2382628169014,350.0,71,2025-02-01,2025-04-20,71
45687710,419.45569620253167,350.0,79,2025-02-01,2025-04-20,79
45711835,888.4615384615385,900.0,13,2025-02-05,2025-02-23,13
45726200,1441.5444444444445,1590.0,45,2025-01-11,2025-04-20,45
45768161,662.6506024096385,850.0,83,2025-01-09,2025-04-20,83
45780750,850.0,850.0,12,2025-04-08,2025-04-19,12
45803876,522.9935897435897,450.0,78,2025-01-20,2025-04-20,78
45822839,452.94871794871796,390.0,78,2025-01-13,2025-04-20,78
45889892,621.6666666666666,595.0,60,2025-01-13,2025-04-20,60
45911573,979.8285714285714,969.0,35,2025-01-20,2025-03-10,35
45911990,640.2756384615385,560.0,26,2025-01-27,2025-03-31,26
45923984,371.625,307.625,28,2025-02-16,2025-04-17,28
45973790,638.1600683168316,644.3333,101,2025-01-06,2025-04-20,101
46011731,607.3809523809524,590.0,21,2025-02-12,2025-04-06,21
46036384,344.62931034482756,330.0,58,2025-01-23,2025-04-20,58
46048925,982.7994472527472,937.3333,91,2025-01-13,2025-04-20,91
46048941,371.8235294117647,400.0,34,2025-02-11,2025-04-06,34
46072703,726.1222222222223,584.0,45,2025-02-10,2025-04-16,45
46088002,648.0,648.0,58,2025-01-28,2025-03-31,58
46116173,387.4032258064516,300.0,31,2025-02-25,2025-04-20,31
46220279,652.32125,697.0,80,2025-01-27,2025-04-16,80
46222390,483.32876712328766,500.0,73,2025-01-30,2025-04-19,73
46298558,681.1851851851852,697.5,54,2025-01-30,2025-04-20,54
46327705,1003.4833350000001,944.0,40,2025-02-16,2025-03-27,40
46372862,425.2925675675676,518.0,74,2025-01-24,2025-04-07,74
46451253,575.6549295774648,440.0,71,2025-01-24,2025-04-20,71
46530405,1069.0230939759037,1022.0,83,2025-01-24,2025-04-20,83
46550767,757.4468085106383,800.0,47,2025-01-28,2025-03-31,47
46598066,1036.6372552941177,1000.0,85,2025-01-26,2025-04-20,85
46604700,350.73754781609193,350.0,87,2025-01-22,2025-04-20,87
46678933,745.8762886597938,750.0,97,2025-01-14,2025-04-20,97
46690986,1315.2637362637363,1299.0,91,2025-01-06,2025-04-06,91
46704215,583.6955909090909,580.0,11,2025-02-03,2025-02-13,11
46710652,599.4929577464789,550.0,71,2025-01-26,2025-04-20,71
46724379,446.70166700000004,481.0,100,2025-01-10,2025-04-19,100
46755580,300.0,300.0,58,2025-02-02,2025-03-31,58
46769078,899.9767021505376,988.0,93,2025-01-07,2025-04-19,93
46866680,510.5223880597015,450.0,67,2025-01-12,2025-04-20,67
46878566,497.962962962963,500.0,81,2025-01-29,2025-04-19,81
46896012,617.9261538461539,550.0,65,2025-02-15,2025-04-20,65
46936020,398.24074074074076,380.0,54,2025-01-25,2025-03-31,54
46990438,532.07,600.0,60,2025-01-31,2025-03-31,60
47000276,582.8571428571429,500.0,42,2025-02-16,2025-04-20,42
47006355,684.8775510204082,592.0,49,2025-01-25,2025-04-06,49
47052262,445.65700492753626,399.0,69,2025-01-24,2025-04-20,69
47089646,526.0039215686274,472.0,51,2025-02-15,2025-04-06,51
47172145,618.0945932432433,688.83335,74,2025-01-13,2025-04-19,74
47213093,290.5,290.5,22,2025-02-17,2025-03-31,22
47222306,199.68085106382978,175.0,47,2025-01-27,2025-04-06,47
47232230,994.875,1001.0,16,2025-02-12,2025-02-27,16
47254288,497.9166666666667,450.0,72,2025-02-08,2025-04-20,72
47260862,503.09090909090907,450.0,44,2025-01-29,2025-04-20,44
47269826,603.0,603.0,12,2025-02-17,2025-02-28,12
47325492,639.0775606741573,607.7778,89,2025-01-22,2025-04-20,89
47326216,1118.3908045977012,1100.0,87,2025-01-18,2025-04-20,87
47402735,462.0257575757576,399.0,66,2025-01-25,2025-04-20,66
47421617,404.18981499999995,370.0,36,2025-02-24,2025-03-31,36
47543180,237.82894736842104,250.0,38,2025-02-20,2025-04-20,38
47558531,762.0311111111112,850.0,90,2025-01-21,2025-04-20,90
47783121,423.53685846153843,405.0,52,2025-02-10,2025-04-20,52
47802450,209.9655172413793,210.0,29,2025-02-25,2025-04-09,29
47816646,528.2465753424658,590.0,73,2025-01-12,2025-04-06,73
47891397,506.58730172839506,490.0,81,2025-01-13,2025-04-20,81
47909482,898.5287850746269,1000.0,67,2025-01-15,2025-04-17,67
48080102,468.0444444444444,410.0,45,2025-02-23,2025-04-16,45
48109229,546.054794520548,480.0,73,2025-02-07,2025-04-20,73
48158176,370.8080806060606,390.0,33,2025-02-05,2025-04-20,33
48243472,1211.7877799999999,1199.0,60,2025-01-12,2025-03-31,60
48254075,509.0,509.0,20,2025-01-29,2025-02-28,20
48526011,556.6820507692307,500.0,65,2025-01-18,2025-04-05,65
48624860,322.22222222222223,250.0,18,2025-01-10,2025-04-17,18
48699117,478.3333333333333,420.0,48,2025-01-12,2025-04-15,48
48848529,978.7586206896551,1000.0,87,2025-01-16,2025-04-17,87
48941838,399.1304347826087,370.0,46,2025-02-08,2025-04-15,46
49050392,741.304347826087,700.0,46,2025-02-09,2025-03-31,46
49123621,734.8944444444444,887.5,90,2025-01-06,2025-04-19,90
49369605,236.20634904761906,230.0,21,2025-02-25,2025-04-07,21
49824103,487.8510638297872,440.0,47,2025-02-24,2025-04-20,47
49968308,733.3461538461538,700.0,26,2025-01-26,2025-03-31,26
50047341,346.09722222222223,300.0,36,2025-02-17,2025-04-20,36
50059423,514.3791675,500.0,40,2025-02-15,2025-04-16,40
50085393,621.4285714285714,650.0,21,2025-01-28,2025-02-27,21
50243281,513.6,467.0,35,2025-01-27,2025-04-06,35
50535771,630.6818181818181,650.0,44,2025-01-11,2025-04-06,44
50561328,1033.8461538461538,1400.0,13,2025-02-09,2025-03-07,13
50958684,1009.1531540540541,920.0,74,2025-01-12,2025-04-20,74
51301217,523.5373134328358,399.0,67,2025-01-21,2025-04-07,67
51403736,165.8909090909091,160.0,55,2025-01-19,2025-04-06,55
51405106,863.722972972973,800.0,74,2025-02-01,2025-04-20,74
51453135,607.6923076923077,600.0,91,2025-01-12,2025-04-20,91
51507847,437.5,400.0,16,2025-02-19,2025-04-07,16
51669111,718.9673902173912,800.0,92,2025-01-08,2025-04-19,92
51683537,435.7142857142857,400.0,28,2025-02-23,2025-04-12,28
51785337,313.07142857142856,308.83334,56,2025-02-12,2025-04-20,56
51825638,657.418918918919,650.0,74,2025-01-27,2025-04-20,74
51861410,700.0,700.0,18,2025-01-30,2025-02-27,18
51866473,496.6037044444445,450.0,45,2025-02-18,2025-04-20,45
51983017,635.9827586206897,549.0,29,2025-02-26,2025-04-07,29
51990592,954.881665,959.125,60,2025-01-16,2025-04-07,60
52025452,442.8237173076923,400.0,52,2025-01-28,2025-04-07,52
52059007,1003.4777057142858,1000.0,105,2025-01-06,2025-04-20,105
52172003,317.0,317.0,42,2025-03-10,2025-04-20,42
52214716,1500.1729924050633,1657.0,79,2025-01-18,2025-04-20,79
52266549,609.0909090909091,600.0,77,2025-01-26,2025-04-20,77
52346232,693.5762711864406,890.0,59,2025-01-14,2025-04-16,59
52348108,530.2325581395348,400.0,43,2025-03-09,2025-04-20,43
52354467,579.8455882352941,450.0,68,2025-02-01,2025-04-20,68
52358821,690.8214285714286,600.0,84,2025-01-13,2025-04-06,84
52365560,324.53333333333336,300.0,75,2025-02-05,2025-04-20,75
52472131,701.1494252873563,600.0,87,2025-01-10,2025-04-06,87
52474050,780.0,780.0,22,2025-01-29,2025-04-19,22
52530322,478.20512820512823,450.0,78,2025-01-08,2025-04-20,78
52536443,379.2307692307692,340.0,26,2025-03-03,2025-04-20,26
52596621,859.6211538461539,774.5,104,2025-01-07,2025-04-20,104
52619006,489.08620689655174,450.0,58,2025-01-11,2025-04-19,58
52627650,356.9583333333333,350.0,12,2025-01-21,2025-02-01,12
52646204,965.0151515151515,899.0,66,2025-02-01,2025-04-20,66
52650644,683.0333333333333,600.0,75,2025-01-15,2025-04-20,75
52652931,437.0652173913044,390.0,46,2025-01-15,2025-04-06,46
52670832,477.2307692307692,470.0,13,2025-04-04,2025-04-16,13
52758042,2882.669902912621,3000.0,103,2025-01-08,2025-04-20,103
52826190,321.6885963157895,300.0,38,2025-02-27,2025-04-20,38
52884842,1900.0,1900.0,89,2025-01-09,2025-04-07,89
52969803,354.0,350.0,70,2025-01-22,2025-04-20,70
53008127,340.17857142857144,300.0,56,2025-01-19,2025-04-20,56
53077335,1000.0,1000.0,11,2025-04-09,2025-04-19,11
53113087,548.2865515789473,602.6667,57,2025-01-30,2025-04-20,57
53133732,784.4634146341464,673.0,82,2025-01-29,2025-04-20,82
53143021,639.6530612244898,600.0,49,2025-01-30,2025-04-06,49
53154219,624.8869735632184,585.3333,87,2025-01-24,2025-04-20,87
53175731,1032.6633663366338,1199.0,101,2025-01-10,2025-04-20,101
53190433,820.5128205128206,800.0,39,2025-01-31,2025-04-19,39
53195241,1840.5882352941176,1750.0,85,2025-01-10,2025-04-20,85
53240300,1002.4683556962026,990.0,79,2025-01-07,2025-04-20,79
53280496,382.090476,380.0,35,2025-03-09,2025-04-20,35
53314692,705.445835,662.875,60,2025-02-17,2025-04-20,60
53325047,488.04,450.0,50,2025-01-24,2025-04-20,50
53337464,586.3820224719101,550.0,89,2025-01-22,2025-04-20,89
53340772,503.80434782608694,400.0,69,2025-02-11,2025-04-20,69
53365226,347.8703703703704,405.0,54,2025-01-08,2025-04-06,54
53445765,385.1853448275862,360.0,58,2025-02-10,2025-04-20,58
53448627,533.1794884615384,505.0,26,2025-01-22,2025-03-09,26
53458717,392.5032678431372,380.0,51,2025-02-21,2025-04-15,51
53474066,858.2051282051282,850.0,39,2025-01-21,2025-04-20,39
53492577,292.5,300.0,28,2025-03-04,2025-04-07,28
53581602,520.8285714285714,500.0,70,2025-02-09,2025-04-19,70
53605382,712.8205128205128,700.0,39,2025-01-21,2025-04-07,39
53643568,712.88,769.0,25,2025-01-15,2025-03-06,25
53645678,740.5737704918033,695.0,61,2025-02-19,2025-04-20,61
53656846,302.5581395348837,400.0,43,2025-01-07,2025-04-06,43
53669499,543.0,543.0,59,2025-01-20,2025-03-19,59
53671997,451.6521739130435,300.0,23,2025-03-01,2025-04-07,23
53717416,660.7105263157895,584.5,76,2025-01-21,2025-04-20,76
53733977,410.6842105263158,350.0,38,2025-01-16,2025-03-31,38
53738511,466.0,466.0,64,2025-01-27,2025-03-31,64
53794321,667.8059701492538,549.0,67,2025-01-11,2025-04-07,67
53796581,1116.551724137931,1000.0,58,2025-01-06,2025-04-06,58
53803935,642.4166653846153,604.3333,26,2025-01-22,2025-03-09,26
53815397,246.11111111111111,180.0,72,2025-01-22,2025-04-07,72
53825192,847.7389999999999,633.0,50,2025-01-18,2025-04-20,50
53893648,627.9821428571429,550.0,56,2025-02-17,2025-04-20,56
53899162,298.2083333333333,290.0,72,2025-01-11,2025-04-07,72
53903158,1155.9444444444443,1090.0,72,2025-01-16,2025-04-19,72
53914255,588.6879425531914,390.0,47,2025-02-11,2025-04-20,47
53915734,476.2265625,450.0,64,2025-01-21,2025-03-31,64
53918137,434.1505387096774,415.5,62,2025-01-19,2025-04-07,62
53936201,832.6744186046511,822.0,43,2025-02-15,2025-04-20,43
53972959,910.6301356164383,899.0,73,2025-01-28,2025-04-20,73
53973724,596.5072463768116,589.0,69,2025-01-30,2025-04-20,69
53986731,331.3333333333333,300.0,15,2025-03-06,2025-03-30,15
54005716,800.0,800.0,43,2025-02-23,2025-04-06,43
54020562,365.51724137931035,350.0,29,2025-01-20,2025-03-05,29
54145466,2000.0,2000.0,90,2025-01-06,2025-04-05,90
54167570,1405.9259259259259,1400.0,81,2025-01-26,2025-04-20,81
54237040,696.0707075757576,700.0,66,2025-01-29,2025-04-17,66
54245203,591.5869565217391,578.0,23,2025-02-02,2025-03-09,23
54246694,710.1123595505618,800.0,89,2025-01-22,2025-04-20,89
54287612,491.78836031746033,399.0,63,2025-01-28,2025-04-20,63
54365625,670.8024691358024,700.0,81,2025-01-26,2025-04-20,81
525472560929976068,1029.068964367816,1090.0,87,2025-01-09,2025-04-20,87
543584528464360785,375.4916666666667,350.0,60,2025-02-20,2025-04-20,60
549056203343531816,567.3958333333334,650.0,48,2025-02-01,2025-04-20,48
552912581186899747,1260.0,1300.0,49,2025-02-12,2025-04-07,49
553578003486746447,750.0,650.0,15,2025-02-18,2025-03-04,15
557386903732882183,1129.4528301886792,1000.0,53,2025-02-04,2025-04-06,53
572368704250611987,506.6388888888889,550.0,36,2025-02-23,2025-04-07,36
573122310094338767,676.4772727272727,700.0,44,2025-03-05,2025-04-17,44
577333685681759877,531.8157894736842,498.0,38,2025-01-16,2025-04-20,38
577547502503396579,610.6551724137931,650.0,58,2025-01-26,2025-04-17,58
580407424598756855,443.8333347826087,365.0,23,2025-02-28,2025-04-07,23
580589381711973141,404.8076923076923,350.0,52,2025-02-05,2025-04-06,52
599368528094352718,385.875,302.5,24,2025-02-06,2025-04-16,24
604521043281534642,927.4074074074074,1080.0,27,2025-01-13,2025-03-14,27
605748852048435444,408.05874524590166,400.0,61,2025-01-26,2025-04-20,61
610155932497817911,518.0,518.0,65,2025-01-26,2025-03-31,65
612245203931813020,777.0454545454545,700.0,66,2025-01-10,2025-04-17,66
613221032690703355,717.9618041666666,711.0,48,2025-01-23,2025-04-17,48
618150693526656201,300.1666666666667,249.0,48,2025-02-07,2025-04-06,48
618943952389206201,524.9375,400.0,80,2025-01-12,2025-04-20,80
621626596784793972,524.4186046511628,500.0,43,2025-02-06,2025-03-31,43
622878708674009200,666.7567567567568,650.0,74,2025-01-25,2025-04-20,74
627388721154300829,432.6923076923077,475.0,26,2025-02-01,2025-04-10,26
628340205412932131,533.3333333333334,525.0,12,2025-01-10,2025-03-03,12
628897724940732017,969.0,975.0,25,2025-02-02,2025-03-09,25
629724091250673746,647.4084492957746,575.0,71,2025-01-13,2025-04-20,71
630326155301078742,366.2162162162162,350.0,37,2025-02-11,2025-04-07,37
633809099013662442,454.76190476190476,450.0,42,2025-02-05,2025-04-17,42
639163267116212627,100.0,100.0,8,2025-01-20,2025-01-30,8
639216644351145145,962.5,900.0,16,2025-03-16,2025-04-15,16
645092818132652927,359.13793103448273,320.0,29,2025-02-21,2025-04-07,29
667324814851452653,861.4477611940298,800.0,67,2025-01-31,2025-04-20,67
668715506986619718,666.2148133333334,720.0,45,2025-01-13,2025-03-31,45
670778657683556451,954.9268292682926,976.0,41,2025-01-22,2025-03-31,41
673825002694927178,802.8571428571429,920.0,42,2025-01-27,2025-03-31,42
673826204715344716,952.6169811320755,1058.0,53,2025-01-21,2025-03-31,53
673826267743797671,733.4444444444445,704.0,27,2025-03-05,2025-03-31,27
674566887638611404,496.42857142857144,600.0,42,2025-01-20,2025-04-17,42
675242237586865339,471.50432909090904,464.0,77,2025-01-06,2025-04-20,77
676838365540390245,250.0,250.0,20,2025-04-01,2025-04-20,20
678242953903453952,353.0612244897959,350.0,49,2025-01-24,2025-04-16,49
679166677359467385,1130.6708848101266,937.0,79,2025-01-20,2025-04-20,79
681139047695558927,229.46808510638297,219.0,47,2025-01-17,2025-03-17,47
681894806923375678,773.9487179487179,648.0,39,2025-01-29,2025-03-31,39
684782448665574114,586.75,635.0,60,2025-02-12,2025-04-20,60
686743101124580615,818.2037037037037,648.0,27,2025-02-14,2025-03-31,27
687757820659405525,571.5,557.5,90,2025-01-11,2025-04-20,90
693024169316156606,591.257575909091,562.0,44,2025-01-23,2025-03-31,44
694313018923554703,1114.4885034482759,1040.0,29,2025-01-31,2025-03-31,29
694947516825280143,332.04347826086956,330.0,23,2025-02-07,2025-04-16,23
703527486074504582,340.875,300.0,74,2025-01-27,2025-04-20,74
703538637731385185,400.9561405263158,402.0,76,2025-01-28,2025-04-20,76
703678241822238330,321.23333333333335,300.0,60,2025-02-15,2025-04-20,60
705946468067026302,439.0,380.0,60,2025-01-28,2025-04-17,60
708045427082372124,1257.787234042553,1250.0,94,2025-01-13,2025-04-20,94
711032530664362412,171.9857142857143,149.0,35,2025-01-27,2025-04-06,35
716703779507124462,766.8055555555555,790.0,72,2025-01-13,2025-03-31,72
718922870189236806,2182.7586206896553,2100.0,29,2025-01-29,2025-03-31,29
719355891470345652,538.8653871794872,500.0,78,2025-01-28,2025-04-20,78
721143022842232721,501.94350338983054,500.0,59,2025-02-02,2025-04-06,59
721635424816164605,754.4406762711865,755.3333,59,2025-01-29,2025-04-20,59
725205326528652381,600.0,600.0,5,2025-01-27,2025-01-31,5
725867973010290782,496.04545454545456,480.0,66,2025-01-09,2025-04-20,66
728531681504670920,151.86936918918917,133.5,37,2025-01-26,2025-04-20,37
730437501239201082,668.5941469047619,708.33335,84,2025-01-27,2025-04-20,84
730503580289648392,787.5,775.0,10,2025-01-28,2025-03-04,10
730553947980169722,840.0138884615384,843.75,78,2025-02-01,2025-04-20,78
731853350375474350,705.5147058823529,700.0,34,2025-01-25,2025-04-20,34
732572931172602640,291.42857142857144,280.0,63,2025-02-07,2025-04-20,63
734707774394612996,1417.877358490566,1400.0,53,2025-01-29,2025-04-06,53
734774611454860165,582.51171875,625.0,64,2025-02-10,2025-04-20,64
734843676958831992,453.125,350.0,32,2025-01-24,2025-04-07,32
734991572208138176,277.9759036144578,280.0,83,2025-01-11,2025-04-05,83
735732850757918650,1293.0666657142856,927.6667,35,2025-02-26,2025-04-16,35
739015384619300207,1608.6896551724137,1604.0,58,2025-02-02,2025-03-31,58
739663897909156017,720.8333333333334,800.0,72,2025-01-12,2025-04-07,72
742262889162653132,177.01785714285714,180.0,56,2025-01-12,2025-03-31,56
744210382596366805,523.1515163636363,500.0,55,2025-01-31,2025-04-20,55
745632820094188215,735.875,800.0,16,2025-02-01,2025-03-09,16
746451645715267085,975.478021978022,900.0,91,2025-01-20,2025-04-20,91
748336742434217963,457.1363636363636,450.0,44,2025-01-21,2025-04-20,44
753461577197808016,883.2260273972603,980.0,73,2025-01-11,2025-03-31,73
753566944813003124,577.6916666666667,560.0,96,2025-01-15,2025-04-20,96
754141022905987471,639.06666625,600.0,80,2025-01-31,2025-04-20,80
754375397775403281,840.8788197916666,890.0,96,2025-01-07,2025-04-20,96
754796838418506202,574.4852941176471,600.0,68,2025-01-24,2025-04-20,68
756997201912524343,951.6546391752578,850.0,97,2025-01-14,2025-04-20,97
758758164947604865,153.90243902439025,170.0,82,2025-01-20,2025-04-20,82
760805979001764233,650.0,650.0,3,2025-01-24,2025-01-26,3
762112217871324562,525.7978147540983,490.0,61,2025-01-13,2025-04-17,61
762192750283483456,395.56965164179104,440.0,67,2025-01-20,2025-03-31,67
762916089194134311,1011.5384615384615,1000.0,104,2025-01-07,2025-04-20,104
766052072199682693,647.2105263157895,750.0,57,2025-02-12,2025-04-20,57
766156195693050227,1837.1415094339623,1897.0,53,2025-02-10,2025-04-07,53
766788707373767791,470.375,520.0,40,2025-02-09,2025-04-19,40
767407262472265686,747.6027397260274,700.0,73,2025-01-12,2025-04-17,73
768032727158094436,1200.0,1200.0,18,2025-03-19,2025-04-05,18
769009482417170004,570.56,480.0,75,2025-01-23,2025-04-20,75
769461318721075633,569.4444444444445,500.0,36,2025-02-12,2025-03-31,36
769616108652112172,363.3333333333333,350.0,33,2025-02-25,2025-04-07,33
770131545986036241,958.974358974359,900.0,78,2025-01-13,2025-04-20,78
771111761043546355,603.2666666666667,557.0,75,2025-02-04,2025-04-19,75
771134836709283777,357.8,300.0,15,2025-02-23,2025-04-07,15
772261416620745030,837.0243902439024,825.0,82,2025-01-18,2025-04-20,82
772706520794806760,450.0,450.0,9,2025-01-23,2025-01-31,9
778933432062496662,906.986301369863,950.0,73,2025-01-18,2025-04-20,73
779104726998664227,412.0,400.0,38,2025-01-31,2025-04-06,38
780376166619260652,529.4545454545455,429.0,44,2025-02-23,2025-04-07,44
780872235421635957,515.2386363636364,499.0,44,2025-01-15,2025-03-31,44
781223884036842600,364.758064516129,337.5,62,2025-02-11,2025-04-17,62
782548209247570691,667.3611111111111,700.0,54,2025-02-11,2025-04-20,54
782734966853311782,748.6962025316456,580.0,79,2025-01-21,2025-04-20,79
783879004243392314,658.8242201234568,650.0,81,2025-01-23,2025-04-20,81
784598714032826222,1184.9718338028167,1200.0,71,2025-01-14,2025-04-07,71
784836681288428817,377.38461538461536,370.0,65,2025-01-23,2025-04-07,65
785658004981722606,593.5253164556962,550.0,79,2025-01-17,2025-04-20,79
786307999394390316,595.7083333333334,550.0,72,2025-01-16,2025-04-20,72
786807324710664147,1143.6538461538462,850.0,52,2025-02-12,2025-04-17,52
787195284335262595,572.6693120634922,550.0,63,2025-02-02,2025-04-16,63
787606557854537606,626.1051307692308,584.6667,65,2025-01-16,2025-03-31,65
787847078680683474,388.73015873015873,330.0,63,2025-01-11,2025-04-20,63
790006111813482352,427.0147058823529,405.0,68,2025-01-18,2025-04-07,68
790431243381422888,959.4326923076923,1000.0,104,2025-01-07,2025-04-20,104
790518755885066166,812.156862745098,750.0,51,2025-01-09,2025-04-20,51
790752171303746450,533.9540229885057,500.0,87,2025-01-07,2025-04-20,87
791313913845076166,850.0,850.0,50,2025-02-09,2025-04-06,50
792096103347120988,448.74152542372883,450.0,59,2025-01-23,2025-04-06,59
792184367926408145,386.2631578947368,396.0,57,2025-02-17,2025-04-19,57
794707921952592251,152.96875,150.0,48,2025-01-28,2025-04-06,48
794710559970994170,505.6985294117647,500.0,68,2025-01-27,2025-04-20,68
794996321339600522,392.04477611940297,350.0,67,2025-01-26,2025-04-20,67
795495744056169046,897.3484848484849,800.0,66,2025-01-20,2025-04-20,66
795757968903961791,356.7328767123288,350.0,73,2025-01-24,2025-04-06,73
796481545034280714,582.8378378378378,580.0,74,2025-01-17,2025-04-20,74
797261187302809924,547.8066666666666,500.0,75,2025-01-11,2025-04-20,75
798475021925579344,326.0416666666667,300.0,48,2025-02-04,2025-04-06,48
798609957167332367,676.3888888888889,700.0,72,2025-01-20,2025-04-07,72
798631136594423222,1100.0,1100.0,56,2025-01-21,2025-04-07,56
799251513158018593,542.8698016666666,500.0,60,2025-02-20,2025-04-20,60
800942299109284552,316.44545454545454,300.0,55,2025-02-04,2025-04-19,55
801271167231006592,253.8666665,250.0,40,2025-03-12,2025-04-20,40
801611117719633492,470.2089552238806,400.0,67,2025-01-21,2025-04-20,67
802047490248101970,253.14285714285714,250.0,42,2025-03-10,2025-04-20,42
802357806571870530,654.9363636363636,680.0,55,2025-02-09,2025-04-20,55
802922826036667371,1210.9375,1200.0,64,2025-02-02,2025-04-06,64
803403468437987911,377.24657534246575,371.0,73,2025-01-08,2025-04-05,73
805381324514930766,783.30729125,750.0,32,2025-02-21,2025-04-05,32
805726391815686158,425.280701754386,399.0,57,2025-01-12,2025-04-17,57
806702099486447309,598.1911764705883,500.0,68,2025-01-31,2025-04-20,68
807400945391416643,635.8048780487804,450.0,41,2025-01-12,2025-04-19,41
807898347637042057,395.0,430.0,16,2025-03-23,2025-04-07,16
809946874989632205,380.00666666666666,370.0,75,2025-01-20,2025-04-20,75
811053746893495263,414.6666666666667,400.0,66,2025-01-21,2025-04-20,66
812231708820863156,658.8649431034484,500.0,58,2025-01-31,2025-04-16,58
813090046454458015,388.45238095238096,390.0,84,2025-01-23,2025-04-20,84
815806026505024003,897.2121212121212,900.0,33,2025-01-27,2025-03-17,33
816613605644920543,1982.608695652174,2100.0,92,2025-01-08,2025-04-17,92
821574780923920105,618.7777777777778,600.0,54,2025-02-15,2025-04-20,54
821920276390293366,673.7916666666666,650.0,48,2025-01-09,2025-04-11,48
822365439954007216,749.3875,800.0,80,2025-01-13,2025-04-20,80
826063757882656916,615.719512195122,516.0,82,2025-01-07,2025-04-19,82
826617189908528565,476.07948738461533,400.0,65,2025-01-20,2025-04-20,65
828036946101813387,341.3541666666667,251.25,24,2025-03-01,2025-04-20,24
831740758559247685,807.1176470588235,800.0,34,2025-02-21,2025-03-31,34
832123000813215722,505.28735632183907,490.0,87,2025-01-24,2025-04-20,87
834645644371228115,300.0,300.0,38,2025-01-22,2025-02-28,38
836385234465202348,1188.9583333333333,1040.0,48,2025-01-26,2025-03-31,48
836415940545761422,521.5916666666667,490.0,60,2025-01-29,2025-04-07,60
837646263953285868,473.134069117647,440.0,68,2025-01-18,2025-04-17,68
837846012155525926,411.3636363636364,400.0,44,2025-02-17,2025-04-05,44
839184834439414765,154.71428571428572,150.0,42,2025-01-31,2025-04-20,42
840525492567265584,1231.0681818181818,1000.0,44,2025-02-16,2025-04-17,44
841394344184198064,661.0,600.0,31,2025-01-21,2025-03-31,31
844864653127085626,1017.7017539473684,1090.0,76,2025-01-12,2025-04-20,76
850675824952359571,806.7647058823529,802.0,68,2025-01-10,2025-03-31,68
850931966820064700,786.3728830508475,720.0,59,2025-01-27,2025-04-20,59
856482117556875618,370.0,370.0,26,2025-03-22,2025-04-16,26
859653300578357102,702.0,702.0,57,2025-01-28,2025-03-31,57
859925561562240250,792.8275862068965,704.0,29,2025-02-24,2025-03-31,29
863830918159371125,329.46268656716416,306.0,67,2025-01-31,2025-04-20,67
869504505210568410,1162.5,1250.0,80,2025-01-23,2025-04-20,80
871084107630048364,444.44444444444446,450.0,54,2025-02-09,2025-04-20,54
873125740517449213,467.1488095238095,446.0,84,2025-01-17,2025-04-20,84
873255393900331818,673.2278481012659,535.0,79,2025-02-01,2025-04-20,79
873260132509992833,405.46153846153845,400.0,13,2025-02-15,2025-02-27,13
881204142086821328,558.2352941176471,550.0,68,2025-01-28,2025-04-20,68
883930877150990341,109.0,109.0,5,2025-04-02,2025-04-06,5
892662939259281401,1500.0,1500.0,13,2025-01-11,2025-01-31,13
892721989592935461,373.44897959183675,350.0,49,2025-01-19,2025-04-16,49
894985131313802009,653.0955882352941,575.0,68,2025-02-07,2025-04-20,68
897144549301156856,950.1428571428571,850.0,35,2025-01-07,2025-03-05,35
900757690500508426,645.9666666666667,635.0,60,2025-01-12,2025-04-17,60
902324773092897293,1203.8461538461538,1250.0,13,2025-01-09,2025-01-23,13
904512525045117852,542.7883720930233,550.0,43,2025-01-24,2025-04-16,43
906701409648697471,542.0175438596491,598.0,57,2025-02-07,2025-04-20,57
910707550951342167,2000.0,2000.0,2,2025-04-06,2025-04-07,2
910815231577364751,519.4307692307692,400.0,65,2025-01-13,2025-04-20,65
911476333007658783,257.311320754717,250.0,53,2025-01-27,2025-04-17,53
912678193847993947,300.6363636363636,300.0,77,2025-01-08,2025-04-06,77
913929715874853789,966.25245,899.0,68,2025-01-15,2025-04-20,68
914342944500490787,694.1150785714285,583.0,42,2025-02-24,2025-04-06,42
915332897455058900,1075.0036764705883,928.0,68,2025-01-31,2025-04-20,68
916052715744473224,1182.8703703703704,1150.0,54,2025-01-06,2025-02-28,54
923133320997277084,437.0,550.0,53,2025-01-18,2025-04-16,53
929120660817262874,735.3622448979592,699.0,98,2025-01-13,2025-04-20,98
936216057908307884,395.12533333333334,406.0,75,2025-01-28,2025-04-20,75
939218400123538892,444.11764705882354,350.0,34,2025-02-22,2025-03-27,34
939325387438995809,1382.8947368421052,1200.0,76,2025-01-10,2025-04-20,76
939698664229028471,318.14102564102564,300.0,39,2025-01-23,2025-04-16,39
942057172413556286,100.0,100.0,39,2025-02-27,2025-04-06,39
944320965810800803,886.4118781609196,890.0,87,2025-01-24,2025-04-20,87
946451380352813662,1109.8660714285713,1100.0,28,2025-01-15,2025-04-20,28
946609581890906389,412.4414416216216,395.33334,37,2025-02-25,2025-04-14,37
950059146531590785,469.05882352941177,397.0,17,2025-02-08,2025-03-10,17
956398979498945273,464.1025641025641,500.0,39,2025-03-07,2025-04-14,39
956676934234107014,516.25,504.0,24,2025-01-27,2025-03-30,24
957349094500016515,583.2378048780488,699.0,82,2025-01-25,2025-04-20,82
963040775940890055,653.7623444444445,644.0,81,2025-01-12,2025-04-20,81
963916345061155113,1364.454762857143,1400.0,35,2025-02-01,2025-03-31,35
964579064376617710,757.777027027027,686.5,74,2025-01-31,2025-04-20,74
965258538716677226,624.6976744186046,590.0,86,2025-01-08,2025-04-05,86
965310801955633109,476.984126984127,450.0,63,2025-02-05,2025-04-20,63
966687088388761169,788.1443298969073,850.0,97,2025-01-14,2025-04-20,97
968213956640500474,468.1117885365854,473.0,82,2025-01-14,2025-04-17,82
970445468070597218,570.0,570.0,2,2025-01-07,2025-01-08,2
973272705231391942,301.1111111111111,240.0,45,2025-02-15,2025-03-31,45
978095320445301654,884.8841463414634,900.0,82,2025-01-14,2025-04-20,82
978244263452010977,448.42,456.0,50,2025-01-13,2025-04-17,50
978410400232267791,396.317204516129,400.0,31,2025-03-01,2025-03-31,31
980310639590708922,617.5989010989011,594.0,91,2025-01-10,2025-04-20,91
980365989956218871,1528.623287671233,1582.0,73,2025-01-21,2025-04-06,73
982642009007231841,267.32211557692307,230.0,52,2025-01-27,2025-04-07,52
983188724209547131,872.5945945945946,1000.0,74,2025-01-27,2025-04-17,74
984846668146064982,993.5754716981132,946.0,53,2025-01-15,2025-03-08,53
985445004274818605,165.11016949152543,150.0,59,2025-01-26,2025-04-17,59
985716714802993034,541.3472229166667,500.0,48,2025-03-04,2025-04-20,48
986245345084467584,832.9476744186046,800.0,86,2025-01-25,2025-04-20,86
986407426689940399,283.95348837209303,290.0,43,2025-01-18,2025-04-17,43
986565062867231257,239.26966292134833,230.0,89,2025-01-07,2025-04-07,89
991407580891691701,649.5373134328358,572.0,67,2025-01-20,2025-04-20,67
995680028058206783,3517.75,3500.0,96,2025-01-07,2025-04-20,96
996227938456591020,333.5342465753425,350.0,73,2025-01-28,2025-04-20,73
999226382307972271,487.9647058823529,400.0,85,2025-01-20,2025-04-20,85
1002341236260011015,351.85185185185185,350.0,54,2025-01-30,2025-04-20,54
1002785860497857801,544.29375,500.0,80,2025-01-23,2025-04-20,80
1004496327455456339,382.94444444444446,380.0,81,2025-01-10,2025-04-19,81
1004910078575857573,753.2407407407408,750.0,27,2025-01-19,2025-03-16,27
1005860682746801029,403.52,385.0,75,2025-01-30,2025-04-20,75
1005958896607152946,246.54545454545453,240.0,55,2025-01-10,2025-03-31,55
1006396584243125090,553.4327301204819,524.3333,83,2025-01-17,2025-04-20,83
1008029204257210230,302.33639735294116,300.0,68,2025-01-21,2025-03-31,68
1011115904222911872,767.753164556962,700.0,79,2025-01-14,2025-04-17,79
1011714999685071594,556.0357142857143,557.0,28,2025-03-24,2025-04-20,28
1014245162199655907,560.4651162790698,600.0,43,2025-03-06,2025-04-17,43
1015691857467598452,1225.3090909090909,1296.0,55,2025-01-20,2025-03-31,55
1016100494032497541,370.6923076923077,369.0,78,2025-01-07,2025-04-06,78
1019041007385326527,675.8255813953489,575.0,43,2025-02-17,2025-04-07,43
1019453731090411731,437.24117647058824,380.0,85,2025-01-26,2025-04-20,85
1019756845213291605,173.32638888888889,179.0,72,2025-01-23,2025-04-20,72
1021217453140595481,398.82608695652175,330.0,46,2025-01-07,2025-04-06,46
1023885231203292759,513.5166664999999,490.0,80,2025-01-26,2025-04-20,80
1024067179174522246,215.5504762857143,200.0,70,2025-01-26,2025-04-05,70
1025356251415331533,363.80555555555554,350.0,36,2025-01-17,2025-04-20,36
1028988415727336651,561.97619,570.0,70,2025-01-17,2025-04-06,70
1030981527494824971,306.6111111111111,250.0,27,2025-02-07,2025-04-08,27
1031938290013047428,639.7591463414634,590.0,82,2025-01-15,2025-04-20,82
1032037416009523135,550.7972972972973,556.0,37,2025-01-24,2025-03-05,37
1033202997223117530,1938.8908034482758,1800.0,29,2025-01-23,2025-03-15,29
1034873975277447845,788.3803758064516,655.25,62,2025-01-19,2025-04-20,62
1035628196408986358,948.0813953488372,805.0,43,2025-01-31,2025-04-20,43
1036955655225647222,463.07142857142856,500.0,70,2025-01-13,2025-04-07,70
1037004838842410100,310.7857142857143,330.0,35,2025-01-28,2025-03-31,35
1037047027853581998,1012.8546511627907,890.0,43,2025-01-08,2025-03-31,43
1039235354309448898,186.66666666666666,150.0,75,2025-01-21,2025-04-17,75
1042032092670718662,411.0344827586207,402.0,29,2025-01-27,2025-04-11,29
1043497443334655968,870.8373023809525,870.0,42,2025-03-06,2025-04-20,42
1043599286749467076,501.05645161290323,402.25,62,2025-01-29,2025-03-31,62
1044223371798078486,801.0714285714286,800.0,70,2025-01-07,2025-04-06,70
1044458170286255125,837.3363636363637,820.0,55,2025-02-12,2025-04-16,55
1045077329214831775,800.0,800.0,31,2025-03-20,2025-04-19,31
1045459185575382038,514.6236559139785,500.0,93,2025-01-12,2025-04-20,93
1045520246239520927,950.7818938271605,957.1429,81,2025-01-30,2025-04-20,81
1045592510645908121,502.9846153846154,500.0,65,2025-01-09,2025-04-06,65
1045916135727198441,669.1666661016949,650.0,59,2025-02-21,2025-04-20,59
1046547202929220520,387.1426552542373,378.0,59,2025-01-29,2025-04-20,59
1047723626454445067,1618.4118576923076,1650.0,104,2025-01-07,2025-04-20,104
1048804459244346908,714.560975609756,700.0,82,2025-01-07,2025-04-20,82
1049417084065072931,657.6666666666666,677.5,12,2025-01-20,2025-01-31,12
1050857413300266721,655.0344827586207,614.0,58,2025-01-15,2025-04-02,58
1052110098791057231,687.6603773584906,575.0,53,2025-01-08,2025-04-20,53
1052490589225547467,698.1119402985074,700.0,67,2025-02-13,2025-04-20,67
1053030252161966865,276.72289156626505,280.0,83,2025-01-28,2025-04-20,83
1053132609735844516,990.9090909090909,1050.0,11,2025-02-27,2025-03-09,11
1053425333694349352,195.72916666666666,185.0,48,2025-01-13,2025-04-07,48
1053522951026570547,655.2383720930233,599.5,86,2025-01-25,2025-04-20,86
1053625763515857065,494.7997694444445,450.0,72,2025-02-05,2025-04-20,72
1053851019443958006,503.9,499.0,90,2025-01-21,2025-04-20,90
1054265461023254222,516.6268656716418,500.0,67,2025-01-11,2025-04-16,67
1055163452693752832,579.4791666666666,500.0,72,2025-01-22,2025-04-20,72
1056816282920055514,572.9470904761905,540.0,63,2025-01-11,2025-03-31,63
1056827534457537585,315.01539880434785,299.0,92,2025-01-19,2025-04-20,92
1057137469420115073,673.9615384615385,619.0,78,2025-01-08,2025-04-20,78
1057964852411462810,292.6623376623377,250.0,77,2025-02-03,2025-04-20,77
1058193595817353204,409.56060606060606,400.0,33,2025-02-09,2025-04-20,33
1058777213156843238,448.2692307692308,360.0,26,2025-02-02,2025-04-16,26
1060712994513047104,437.01816230769236,422.5,78,2025-01-11,2025-04-20,78
1062221285605590578,600.3153304878049,500.0,82,2025-01-13,2025-04-20,82
1062615116593634676,442.42424242424244,400.0,66,2025-01-15,2025-04-20,66
1063807278503566143,476.8134328358209,481.5,67,2025-01-29,2025-04-17,67
1066545050089987954,465.9259259259259,400.0,81,2025-01-14,2025-04-20,81
1067320906990424780,602.7459016393443,523.0,61,2025-02-12,2025-04-20,61
1070343877574441166,334.3181818181818,300.0,22,2025-01-13,2025-04-17,22
1074031328011239995,1718.2303921568628,1500.0,102,2025-01-08,2025-04-19,102
1074829679064875721,749.0,749.0,6,2025-04-01,2025-04-06,6
1075444278753674442,600.4666666666667,650.0,45,2025-01-30,2025-04-07,45
1075503699104403085,995.968115942029,800.0,69,2025-02-11,2025-04-20,69
1077396104359577731,599.2,600.0,20,2025-02-11,2025-04-07,20
1081972140987250431,638.8769841269841,525.0,63,2025-01-30,2025-04-20,63
1082133757143221839,1200.0,1200.0,17,2025-01-27,2025-02-12,17
1082746592587689161,591.6477272727273,390.0,44,2025-01-09,2025-03-31,44
1083196219974177016,333.7543859649123,315.0,57,2025-01-20,2025-04-06,57
1083301106167776779,459.0,430.0,30,2025-03-06,2025-04-16,30
1083424325445690046,602.6234574074074,550.0,54,2025-02-12,2025-04-06,54
1083633025910461931,314.1304347826087,310.0,46,2025-02-11,2025-04-06,46
1084601543056055517,1357.079365079365,1400.0,63,2025-02-04,2025-04-07,63
1085437829031467755,662.222224,583.3333,45,2025-02-25,2025-04-20,45
1086855144095843601,493.20833323529416,490.0,68,2025-01-23,2025-03-31,68
1088251024341369589,603.5714285714286,600.0,14,2025-01-25,2025-02-07,14
1091408953130822622,310.625,280.0,48,2025-01-13,2025-04-07,48
1100720037663116812,939.3333333333334,842.0,66,2025-01-20,2025-04-15,66
1100991386372756521,816.2105263157895,800.0,95,2025-01-13,2025-04-20,95
1111626053814730010,744.6178571428571,633.0,70,2025-01-31,2025-04-20,70
1124052077567202180,907.3,700.0,20,2025-03-26,2025-04-16,20
1125970477826966385,541.5049014705883,458.0,68,2025-01-08,2025-04-20,68
1131810056799937593,752.0092592592592,664.0,81,2025-01-20,2025-04-20,81
1137698308528017474,668.6792452830189,575.0,53,2025-02-03,2025-04-20,53
1139831117529014384,585.0731707317074,530.0,82,2025-01-24,2025-04-20,82
1147824179020677628,469.2551020408163,440.0,49,2025-01-21,2025-04-19,49
1153493820067017135,413.6301164912281,403.25,57,2025-02-06,2025-04-20,57
1153552657765472365,390.9880954285714,337.75,35,2025-02-04,2025-04-20,35
1161796266594364332,459.6774193548387,450.0,31,2025-02-27,2025-04-16,31
1161927707286622818,222.7166034210526,218.92857,38,2025-01-14,2025-04-17,38
1163772289534164479,1815.8014705882354,1700.0,68,2025-01-09,2025-04-20,68
1171049670344322120,678.1803278688525,599.0,61,2025-02-19,2025-04-20,61
1173260792743932663,1117.0925944444446,1087.25,36,2025-01-25,2025-03-05,36
1174263938200349649,550.0749056179775,500.0,89,2025-01-13,2025-04-20,89
1179103047052148475,688.4255319148937,670.0,47,2025-01-29,2025-04-20,47
1181723518413479765,524.3837209302326,450.0,86,2025-01-25,2025-04-20,86
1181933658424522281,389.45454545454544,372.0,77,2025-01-19,2025-04-20,77
1181944920258781413,395.62835287356324,372.0,87,2025-01-15,2025-04-20,87
1181971107577983158,392.2057617283951,372.0,81,2025-01-16,2025-04-20,81
1182018398755268829,700.8698630136986,644.0,73,2025-01-14,2025-04-20,73
1182028381058524086,586.0107142857142,578.0,70,2025-01-14,2025-04-20,70
1182040498646675653,716.7537878787879,635.5,66,2025-01-13,2025-04-16,66
1182043782165637473,531.96,471.0,75,2025-01-19,2025-04-20,75
1182070530301053205,566.2467105263158,508.5,76,2025-01-15,2025-04-20,76
1182188163181410725,934.5365853658536,850.0,82,2025-01-24,2025-04-20,82
1183418487997408853,533.1349206349206,471.0,63,2025-01-29,2025-04-20,63
1184078920130796920,414.3142857142857,407.5,70,2025-02-05,2025-04-19,70
1184152596221501552,543.574074074074,509.0,81,2025-01-22,2025-04-20,81
1187061700423806804,553.36,523.0,75,2025-01-12,2025-04-20,75
1187558666042801587,616.9859154929577,564.0,71,2025-01-23,2025-04-20,71
1187772975255244525,399.2910453731343,384.0,67,2025-01-28,2025-04-20,67
1188323084225041810,544.554793150685,484.0,73,2025-01-10,2025-04-20,73
1188339469325210376,554.7397260273973,495.0,73,2025-01-12,2025-04-20,73
1188476386889166335,558.6613924050633,536.5,79,2025-01-10,2025-04-20,79
1189331897618015345,717.2141476744187,699.25,86,2025-01-11,2025-04-20,86
1191261348067720296,687.2611940298508,642.0,67,2025-01-17,2025-04-20,67
1191386301072209798,551.513698630137,509.0,73,2025-01-19,2025-04-17,73
1192836728602105901,546.0844155844156,495.0,77,2025-01-14,2025-04-20,77
1193347652334673191,867.1969696969697,825.0,66,2025-02-02,2025-04-15,66
1193414131980072087,677.0378787878788,627.0,66,2025-01-11,2025-04-20,66
1193496259129259761,695.7906976744187,656.0,86,2025-01-22,2025-04-20,86
1193657356522503551,727.4571428571429,702.0,70,2025-01-21,2025-03-31,70
1195858349379362032,819.3076923076923,850.0,65,2025-01-11,2025-04-20,65
1197121947398131654,408.0821917808219,396.0,73,2025-01-07,2025-04-20,73
1197195878719681680,401.1732465789474,384.0,76,2025-01-12,2025-04-20,76
1198703061430420363,374.7,285.5,40,2025-02-26,2025-04-20,40
1199996219082185363,224.1076923076923,200.0,65,2025-01-23,2025-04-16,65
1203075817950465589,1402.9166666666667,1400.0,72,2025-01-30,2025-04-20,72
1203140233522044896,463.83465909090904,468.0,88,2025-01-12,2025-04-19,88
1207335703563012811,436.219512195122,427.0,82,2025-01-13,2025-04-20,82
1207338410880339003,438.67054302325585,427.0,86,2025-01-25,2025-04-20,86
1207383031689344642,644.3552631578947,750.0,76,2025-01-12,2025-04-19,76
1207864392976162235,542.969387755102,600.0,98,2025-01-13,2025-04-20,98
1207881809440158991,437.6376815217391,427.0,92,2025-01-19,2025-04-20,92
1207940918769840398,401.54761948051953,385.0,77,2025-01-24,2025-04-20,77
1207992119242235910,392.38951348314606,372.0,89,2025-01-11,2025-04-20,89
1208704132667695539,587.921052631579,564.0,95,2025-01-10,2025-04-20,95
1208718899534488031,437.9518522222222,427.0,90,2025-01-21,2025-04-20,90
1208735754877396448,436.144578313253,427.0,83,2025-01-08,2025-04-20,83
1208746927423730353,398.1476797468355,372.0,79,2025-01-12,2025-04-20,79
1208757710030861160,390.0134103448276,372.0,87,2025-01-24,2025-04-20,87
1208757855935244741,394.48983780487805,372.0,82,2025-01-13,2025-04-20,82
1209010210831577821,1082.6623376623377,1000.0,77,2025-01-19,2025-04-05,77
1213824251801309412,1074.138888888889,941.0,72,2025-01-14,2025-04-20,72
1214464056304542513,700.080459770115,680.0,87,2025-01-21,2025-04-20,87
1216602433904805187,567.1068623529411,600.0,85,2025-01-15,2025-04-20,85
1218889785346856352,574.7,505.0,30,2025-01-14,2025-02-27,30
1219597802580113056,553.6025641025641,516.0,78,2025-01-09,2025-04-20,78
1219655958873769070,703.0168654761904,680.0,84,2025-01-21,2025-04-20,84
1226846054624436877,705.9086021505376,713.0,93,2025-01-11,2025-04-20,93
1226856286781952840,707.1802325581396,727.5,86,2025-01-11,2025-04-20,86
1229942592150628971,342.34,220.0,25,2025-02-21,2025-04-06,25
1233370107101543516,415.95,379.75,60,2025-01-31,2025-04-20,60
1233973103621276698,407.8695652173913,383.0,69,2025-01-20,2025-04-20,69
1233994658216308874,407.41803278688525,376.0,61,2025-01-09,2025-04-20,61
1234084273027568746,404.94166666666666,372.0,60,2025-01-17,2025-04-20,60
1236367599770739400,579.1864406779661,600.0,59,2025-01-26,2025-04-20,59
1238321506456103932,731.2828947368421,715.0,76,2025-02-04,2025-04-20,76
1242002119123644781,5622.6611111111115,5500.0,90,2025-01-07,2025-04-06,90
1242713378625026725,588.5602409638554,550.0,83,2025-01-15,2025-04-20,83
1247028916537033972,1761.7733333333333,1700.0,75,2025-01-12,2025-04-07,75
1248514191377483703,494.5919540229885,450.0,87,2025-01-12,2025-04-20,87
1248685472424986601,292.2368421052632,280.5,38,2025-02-01,2025-04-06,38
1249371220066552412,538.9565217391304,492.0,69,2025-01-29,2025-04-20,69
1249385754807434824,562.0705128205128,561.5,78,2025-01-24,2025-04-20,78
1249919049392818339,577.6648351648352,545.0,91,2025-01-10,2025-04-20,91
1250122800440869898,810.1735294117647,891.0,85,2025-01-13,2025-04-07,85
1254384361135492137,552.7383720930233,515.0,86,2025-01-14,2025-04-20,86
1254489827996538747,1238.6441432432432,1190.0,74,2025-01-12,2025-04-07,74
1257312272803306995,544.3506097560976,545.0,82,2025-01-12,2025-04-20,82
1259534245145609058,439.72305500000004,377.5,60,2025-01-15,2025-04-20,60
1260073533686146608,431.4144736842105,377.0,76,2025-01-20,2025-04-20,76
1262982199583014782,732.9759036144578,715.0,83,2025-01-20,2025-04-20,83
1263128865886946817,554.4677419354839,575.0,93,2025-01-12,2025-04-20,93
1264729892004302735,455.84,450.0,35,2025-02-19,2025-04-19,35
1265161823691467042,596.2682926829268,624.0,82,2025-01-12,2025-04-20,82
1265295313956605287,401.4198316455696,372.0,79,2025-01-11,2025-04-20,79
1265370363028714118,405.2916666666667,385.0,84,2025-01-12,2025-04-20,84
1266717192483343855,600.0,550.0,62,2025-02-18,2025-04-20,62
1267332355220608617,668.5797101449275,699.0,69,2025-01-29,2025-04-07,69
1268755217310742256,791.3513513513514,800.0,37,2025-01-21,2025-04-06,37
1268889705366032062,1004.9846153846154,1000.0,65,2025-01-06,2025-04-07,65
1269623861253689862,407.01282,372.0,65,2025-01-26,2025-04-20,65
1269636598524749154,395.4956144736842,372.0,76,2025-01-27,2025-04-20,76
1271171762063321920,581.25,650.0,56,2025-02-02,2025-04-20,56
1272260793182499350,569.5251853333333,582.0,45,2025-02-27,2025-04-19,45
1272537775161574422,527.2276785714286,446.0,56,2025-01-27,2025-04-20,56
1274055523929375490,576.934065934066,545.0,91,2025-01-08,2025-04-20,91
1274533646308060247,536.7480627906978,471.0,86,2025-01-25,2025-04-20,86
1274679812745645557,558.1761363636364,563.0,88,2025-01-14,2025-04-20,88
1276789839775235217,430.06976744186045,500.0,43,2025-02-02,2025-04-07,43
1277103969415516416,454.006172962963,470.0,54,2025-02-03,2025-04-20,54
1277671971539993475,281.9166666666667,273.5,30,2025-03-04,2025-04-18,30
1280559161534348023,591.9418604651163,554.0,86,2025-01-13,2025-04-20,86
1282577030741754149,399.77314861111114,382.5,72,2025-01-17,2025-04-20,72
1282585098065467787,402.42564153846155,385.0,65,2025-01-12,2025-04-20,65
1283982403734255309,541.4029850746268,495.0,67,2025-01-30,2025-04-20,67
1284110666632259028,549.8311688311688,509.0,77,2025-01-14,2025-04-20,77
1285538056394050628,1050.180412371134,990.0,97,2025-01-06,2025-04-20,97
1286394668026043637,2028.7058823529412,2000.0,85,2025-01-13,2025-04-07,85
1292815457899461748,776.71875,680.0,72,2025-01-12,2025-04-20,72
1297930390704189766,563.4176470588235,545.0,85,2025-01-10,2025-04-20,85
1297930815921503919,901.8717105263158,842.0,76,2025-01-20,2025-04-20,76
1303745304497797235,692.0,678.0,85,2025-01-17,2025-04-20,85
1304403734260231676,629.5717821782179,560.0,101,2025-01-06,2025-04-20,101
1304433283397417052,1075.219696969697,941.0,66,2025-01-14,2025-04-20,66
1307990676918354925,559.8103448275862,572.0,87,2025-01-13,2025-04-20,87
1311575286815584867,790.9603670731707,753.0,82,2025-01-26,2025-04-20,82
1312949509621922876,583.2325581395348,561.0,86,2025-01-16,2025-04-20,86
1313064371372817918,913.6734693877551,880.0,98,2025-01-09,2025-04-20,98
1314095834089788250,794.9188051282051,800.0,78,2025-02-01,2025-04-19,78
1315954985293478319,842.4950980392157,831.0,102,2025-01-09,2025-04-20,102
1317427472349939673,1000.0,1000.0,91,2025-01-06,2025-04-06,91
1318315111310867765,752.7510283950617,700.0,81,2025-01-29,2025-04-19,81
1318376138623084691,785.413725882353,786.6667,85,2025-01-26,2025-04-20,85
1320994692912931266,1337.79797979798,1430.0,99,2025-01-06,2025-04-20,99
1320995339425720277,660.319924137931,627.0,87,2025-01-12,2025-04-20,87
1321022086036905023,884.811356043956,858.0,91,2025-01-13,2025-04-20,91
1321134786322096510,725.3068181818181,644.0,88,2025-01-23,2025-04-20,88
1329787295308110610,935.0,935.0,71,2025-02-09,2025-04-20,71
1333504785474035960,588.6463414634146,616.0,82,2025-01-29,2025-04-20,82
